epoch,train_loss,train_acc,test_loss,test_acc,test_bal_acc,test_macro_f1,lr,epoch_sec
1,2.5190,0.5720,1.9800,0.6393,0.6448,0.5340,3.00e-04,41.6
2,1.7993,0.6344,1.8893,0.6721,0.7939,0.5970,2.99e-04,18.5
3,1.1798,0.6613,1.5081,0.6011,0.7346,0.5372,2.95e-04,18.6
4,1.0917,0.7129,1.2522,0.6667,0.7349,0.5777,2.89e-04,18.7
5,0.9769,0.6817,1.1146,0.7486,0.7446,0.6321,2.81e-04,18.6
6,0.9280,0.7333,1.1262,0.7596,0.7322,0.6347,2.71e-04,18.3
7,0.8911,0.7387,1.0931,0.6776,0.7226,0.5806,2.59e-04,18.9
8,0.8511,0.7344,1.0522,0.6066,0.7564,0.5457,2.46e-04,18.8
9,0.8366,0.7473,1.0443,0.6995,0.7351,0.5978,2.30e-04,19.5
10,0.7187,0.7710,1.0130,0.7158,0.7630,0.6169,2.14e-04,18.9
11,0.7458,0.7688,0.9256,0.7322,0.7538,0.6246,1.96e-04,19.0
12,0.7281,0.7656,0.9308,0.8579,0.8071,0.7408,1.78e-04,19.4
13,0.6880,0.7785,0.9610,0.6940,0.7878,0.6098,1.59e-04,19.4
14,0.6719,0.7903,0.8981,0.8142,0.7821,0.6930,1.41e-04,18.8
15,0.6564,0.7946,0.8799,0.8689,0.7947,0.7470,1.22e-04,19.2
16,0.6410,0.7882,0.8720,0.8361,0.8318,0.7291,1.04e-04,19.1
17,0.6256,0.8065,0.8534,0.8197,0.8224,0.7117,8.61e-05,18.0
18,0.6422,0.8022,0.9114,0.8743,0.8164,0.7610,6.96e-05,17.9
19,0.6211,0.8151,0.8702,0.8634,0.8288,0.7541,5.44e-05,17.9
20,0.6156,0.8237,0.8613,0.9016,0.8693,0.8103,4.07e-05,18.3
21,0.6602,0.8011,0.8536,0.8197,0.8410,0.7177,2.86e-05,18.8
22,0.6348,0.8097,0.8516,0.8852,0.8413,0.7818,1.86e-05,19.1
23,0.6082,0.8473,0.8395,0.8361,0.8318,0.7291,1.05e-05,19.0
24,0.6138,0.8140,0.8421,0.8470,0.8380,0.7412,4.71e-06,18.9
25,0.6305,0.8237,0.8444,0.8525,0.8226,0.7412,1.18e-06,19.2
