epoch,loss,train_dice,lr,epoch_sec,eta_sec
1,1.0415,0.6109,1.00e-04,23.9,574
2,0.7804,0.8002,9.96e-05,23.5,541
3,0.6289,0.8451,9.84e-05,23.3,513
4,0.5306,0.8560,9.65e-05,23.5,493
5,0.4680,0.8617,9.38e-05,23.3,466
6,0.4021,0.8735,9.05e-05,23.4,444
7,0.3463,0.8884,8.64e-05,23.7,426
8,0.3184,0.8910,8.19e-05,23.5,399
9,0.2927,0.8965,7.68e-05,23.3,372
10,0.2693,0.9049,7.13e-05,23.6,354
11,0.2409,0.9159,6.55e-05,23.7,331
12,0.2269,0.9177,5.94e-05,23.6,307
13,0.2212,0.9183,5.31e-05,23.6,284
14,0.1980,0.9293,4.69e-05,23.5,258
15,0.1823,0.9336,4.06e-05,23.7,237
16,0.1725,0.9378,3.45e-05,23.7,213
17,0.1644,0.9405,2.87e-05,23.1,185
18,0.1554,0.9427,2.32e-05,23.0,161
19,0.1468,0.9477,1.81e-05,23.3,140
20,0.1527,0.9444,1.36e-05,23.5,118
21,0.1459,0.9476,9.55e-06,23.7,95
22,0.1452,0.9474,6.18e-06,23.1,69
23,0.1389,0.9492,3.51e-06,23.2,46
24,0.1393,0.9509,1.57e-06,23.5,24
25,0.1373,0.9521,3.94e-07,23.6,0
